,musician_id,stage_name,stage_lastname,death_age,cause,genre,City,State,Country
0,1,John,Lennon,40,homicide,rock,Liverpool,England,United Kingdom
1,271,Rory,Storm,34,suicide,rock,Liverpool,England,United Kingdom
2,502,Tom,Evans,36,suicide,rock,Liverpool,England,United Kingdom
3,473,Billy,Fury,42,heart disease,rock,Liverpool,England,United Kingdom
4,188,Brian,Epstein,32,drugs related,rock,Liverpool,England,United Kingdom
5,432,Kit,Lambert,45,homicide,rock,London,England,United Kingdom
6,672,Paul,Jeffreys,36,aircraft accident,rock,London,England,United Kingdom
7,333,Paul,Kossoff,25,heart disease,rock,London,England,United Kingdom
8,614,Snakefinger, ,38,heart disease,rock,London,England,United Kingdom
9,28,Sid,Vicious,21,drugs related,rock,London,England,United Kingdom
10,42,Malcolm,Owen,25,drugs related,rock,London,England,United Kingdom
11,420,Steve,Took,31,drugs related,rock,London,England,United Kingdom
12,444,Guy,Stevens,38,drugs related,rock,London,England,United Kingdom
13,507,Paul,Gardiner,25,drugs related,rock,London,England,United Kingdom
14,751,B.,Wilson,43,drugs related,rock,London,England,United Kingdom
15,22,Marc,Bolan,29,car/motorcycle accident,rock,London,England,United Kingdom
16,179,Johnny,Kidd,30,car/motorcycle accident,rock,London,England,United Kingdom
17,355,Marc,Bolan,29,car/motorcycle accident,rock,London,England,United Kingdom
18,617,Pete,King,28,cancer,rock,London,England,United Kingdom
19,693,Vic,Maile,45,cancer,rock,London,England,United Kingdom
20,769,Frank ,Esler-Smith,42,respiratory disease,rock,London,England,United Kingdom
21,369,Sandy,Denny,31,brain related,rock,London,England,United Kingdom
22,696,Larry,Parnes,59,brain related,rock,London,England,United Kingdom
23,609,Victor,Feldman,53,heart disease,jazz,London,England,United Kingdom
24,21,Amy,Winehouse,27,alcohol related,jazz,London,England,United Kingdom
25,768,Slim,Gaillard,80,cancer,jazz,London,England,United Kingdom
26,299,Graham,Bond,36,suicide,blues,London,England,United Kingdom
27,790,Alan,Spenner,43,heart disease,blues,London,England,United Kingdom
28,280,Mike,Furber,25,suicide,pop,London,England,United Kingdom
29,537,Matt,Monro,54,cancer,pop,London,England,United Kingdom
30,712,Melanie,Appleby,23,respiratory disease,pop,London,England,United Kingdom
31,309,Victor,Olof,76,unknown,pop,London,England,United Kingdom
32,459,Rusty,Day,36,homicide,rock,Garden City,Michigan,United States
33,481,Felix,Pappalardi,43,homicide,rock,New York City,New York,United States
34,610,Gary,Driscoll,41,homicide,rock,New York City,New York,United States
35,196,Bert,Berns,38,heart disease,rock,New York City,New York,United States
36,551,Brian,Keenan,42,heart disease,rock,New York City,New York,United States
37,859,Charles,Ondras,25,drugs related,rock,New York City,New York,United States
38,195,Robin,Roberts,27,car/motorcycle accident,rock,New York City,New York,United States
39,458,Neil,Bogart,39,cancer,rock,New York City,New York,United States
40,373,Joe,Negroni,37,brain related,rock,New York City,New York,United States
41,806,Eric,Carr,41,cancer,metal,New York City,New York,United States
42,51,Scott,La Rock,25,homicide,hip-hop,New York City,New York,United States
43,52,Paul,C,20,homicide,hip-hop,New York City,New York,United States
44,57,Tupac ,,25,homicide,hip-hop,New York City,New York,United States
45,58,Yaki,Kadafi,19,homicide,hip-hop,New York City,New York,United States
46,59,Notorious,B.I.G,24,homicide,hip-hop,New York City,New York,United States
47,61,Big,L,24,homicide,hip-hop,New York City,New York,United States
48,64,Jam,Jay,37,homicide,hip-hop,New York City,New York,United States
49,66,Half,Mill,30,homicide,hip-hop,New York City,New York,United States
50,95,Pop,Smoke,20,homicide,hip-hop,New York City,New York,United States
51,661,Jean-Michel,Basquiat,27,drugs related,hip-hop,New York City,New York,United States
52,186,Elmo,Hope,43,heart disease,jazz,New York City,New York,United States
53,528,Shelly,Manne,64,heart disease,jazz,New York City,New York,United States
54,603,Budy,Rich,69,heart disease,jazz,New York City,New York,United States
55,581,Eddie,Davis,64,cancer,jazz,New York City,New York,United States
56,192,Bert,Lahr,72,respiratory disease,jazz,New York City,New York,United States
57,403,Jimmy,Durante,86,respiratory disease,jazz,New York City,New York,United States
58,343,Buddy,Johnson,62,brain related,jazz,New York City,New York,United States
59,530,Teddy,Reig,65,unknown,jazz,New York City,New York,United States
60,292,Bobby,Darin,37,surgery,jazz,New York City,New York,United States
61,251,Tony,Clarke,31,homicide,blues,New York City,New York,United States
62,615,John,Hammond,76,respiratory disease,blues,New York City,New York,United States
63,654,Dick,Jacobs,70,unknown,blues,New York City,New York,United States
64,823,Larry,Banks,60,kidney related,blues,New York City,New York,United States
65,598,Danny,Kaye,76,heart disease,pop,New York City,New York,United States
66,508,Ethel,Merman,76,cancer,pop,New York City,New York,United States
67,419,Lincoln,Chase,54,unknown,pop,New York City,New York,United States
68,175,Richard,Fariña,29,car/motorcycle accident,folk,New York City,New York,United States
69,443,Harry,Chapin,38,car/motorcycle accident,folk,New York City,New York,United States
70,740,Bert,Sommer,41,respiratory disease,folk,New York City,New York,United States
71,146,Eli,Oberstein,58,cancer,country,New York City,New York,United States
72,559,Tommy,Blake,54,homicide,rock,Dallas,Texas,United States
73,621,David,Martin,50,heart disease,rock,Dallas,Texas,United States
74,53,Danny,Rodriguez,22,homicide,hip-hop,Dallas,Texas,United States
75,121,Hot ,Page,46,heart disease,jazz,Dallas,Texas,United States
76,512,Red,Garland,60,heart disease,jazz,Dallas,Texas,United States
77,16,Stevie,Vaughan,35,aircraft accident,blues,Dallas,Texas,United States
78,673,Whistlin,Moore,89,heart disease,blues,Dallas,Texas,United States
79,2,Kurt,Cobain,27,suicide,rock,Aberdeen,Washington,United States
80,17,Chris,Cornell,52,suicide,rock,Seattle,Washington,United States
81,860,Stefanie,Sargent,24,drugs related,rock,Seattle,Washington,United States
82,8,Jimi,Hendrix,27,alcohol related,rock,Seattle,Washington,United States
83,415,Keith,Godchaux,32,car/motorcycle accident,rock,Seattle,Washington,United States
84,539,Robert,Blackwell,66,respiratory disease,rock,Seattle,Washington,United States
85,18,Chester ,Bennington,41,suicide,rock,Phoenix,Arizona,United States
86,32,Ian,Curtis,23,suicide,rock,Stretford,England,United Kingdom
87,642,Andy,Gibb,30,drugs related,pop,Stretford,England,United Kingdom
88,35,Paul,Hester,46,suicide,rock,Melbourne,Victoria,Australia
89,583,Tracy,Pew,28,brain related,rock,Melbourne,Victoria,Australia
90,38,Michael,Hutchence,37,suicide,rock,Sydney,New South Wales,Australia
91,45,Rozz,Williams,34,suicide,rock,Pomona,California,United States
92,176,Bobby,Fuller,23,suicide,rock,Baytown,Texas,United States
93,291,John,Rostill,31,suicide,rock,Birmingham,England,United Kingdom
94,829,Nigel,Preston,28,drugs related,rock,Birmingham,England,United Kingdom
95,489,Chris,Wood,39,respiratory disease,rock,Birmingham,England,United Kingdom
96,81,Joshua,Ribera,18,homicide,hip-hop,Birmingham,England,United Kingdom
97,317,Pete,Ham,27,suicide,rock,Swansea,Wales,United Kingdom
98,346,Helmut, Köllen,27,suicide,rock,Köln,North Rhine-Westphalia,Germany
99,659,Nico, ,49,brain related,rock,Köln,North Rhine-Westphalia,Germany
100,401,Larry,Williams,44,suicide,rock,New Orleans,Louisiana,United States
101,67,Soulja,Slim,26,homicide,hip-hop,New Orleans,Louisiana,United States
102,72,VL,Mike,32,homicide,hip-hop,New Orleans,Louisiana,United States
103,91,Young,Greatness,34,homicide,hip-hop,New Orleans,Louisiana,United States
104,246,Louis,Armstrong,69,heart disease,jazz,New Orleans,Louisiana,United States
105,646,Pony,Pointdexter,62,drawning,jazz,New Orleans,Louisiana,United States
106,122,Dink,Johnson,62,unknown,jazz,New Orleans,Louisiana,United States
107,184,Fats,Pichon,60,unknown,jazz,New Orleans,Louisiana,United States
108,191,Peter,Bocage,80,unknown,jazz,New Orleans,Louisiana,United States
109,556,Curley,Moore,42,homicide,blues,New Orleans,Louisiana,United States
110,384,Roy,Montrell,51,drugs related,blues,New Orleans,Louisiana,United States
111,500,James,Booker,43,alcohol related,blues,New Orleans,Louisiana,United States
112,815,Champion ,Dupree,81,cancer,blues,New Orleans,Louisiana,United States
113,235,Frankie,Sims,53,respiratory disease,blues,New Orleans,Louisiana,United States
114,586,Lee,Dorsey,61,respiratory disease,blues,New Orleans,Louisiana,United States
115,259,Mahalia,Jackson,60,diabetes,blues,New Orleans,Louisiana,United States
116,682,Bobby,Mitchell,53,diabetes,blues,New Orleans,Louisiana,United States
117,412,Ian,Curtis,23,suicide,rock,Macclesfield,England,United Kingdom
118,422,Darby,Crash,22,suicide,rock,Los Angeles,California,United States
119,440,Chuck,Wagon,24,suicide,rock,Los Angeles,California,United States
120,137,Ritchie,Valens,17,aircraft accident,rock,Los Angeles,California,United States
121,700,Tim,Hovey,44,drugs related,rock,Los Angeles,California,United States
122,441,Rushton,Moreve,32,car/motorcycle accident,rock,Los Angeles,California,United States
123,23,Randy,California,45,drawning,rock,Los Angeles,California,United States
124,732,Gary,Usher,51,cancer,rock,Los Angeles,California,United States
125,742,Bobby,Day,60,cancer,rock,Los Angeles,California,United States
126,687,Ron,Wilson,44,brain related,rock,Los Angeles,California,United States
127,20,Paul,Gray,38,drugs related,metal,Los Angeles,California,United States
128,94,Nipsey,Hussle,33,homicide,hip-hop,Los Angeles,California,United States
129,102,Drakeo,Ruller,28,homicide,hip-hop,Los Angeles,California,United States
130,152,Marilyn,Monroe,36,drugs related,jazz,Los Angeles,California,United States
131,162,Eric,Dolphy,36,diabetes,jazz,Los Angeles,California,United States
132,726,Dexter,Gordon,67,kidney related,jazz,Los Angeles,California,United States
133,589,Hollywood,Fats,32,drugs related,blues,Los Angeles,California,United States
134,671,Sylvester, ,41,AIDS,funk,Los Angeles,California,United States
135,398,Judee,Sill,35,drugs related,folk,Los Angeles,California,United States
136,147,Johnny,Horton,35,car/motorcycle accident,country,Los Angeles,California,United States
137,479,Danny,Rapp,41,suicide,rock,Philadelphia,Pennsylvania,United States
138,494,Jobriath, ,36,AIDS,rock,Philadelphia,Pennsylvania,United States
139,33,Bobby,Rydell,79,respiratory disease,rock,Philadelphia,Pennsylvania,United States
140,108,PnB ,Rock,30,homicide,hip-hop,Philadelphia,Pennsylvania,United States
141,139,Billie,Holiday,44,heart disease,jazz,Philadelphia,Pennsylvania,United States
142,548,Philly,Jones,62,heart disease,jazz,Philadelphia,Pennsylvania,United States
143,773,Billy,Butler,66,heart disease,jazz,Philadelphia,Pennsylvania,United States
144,366,Gregory,Herbert,30,drugs related,jazz,Philadelphia,Pennsylvania,United States
145,295,Bobby,Timmons,38,alcohol related,jazz,Philadelphia,Pennsylvania,United States
146,787,Stan,Getz,64,cancer,jazz,Philadelphia,Pennsylvania,United States
147,814,Charlie,Ventura,75,cancer,jazz,Philadelphia,Pennsylvania,United States
148,189,Rex,Stewart,60,brain related,jazz,Philadelphia,Pennsylvania,United States
149,674,Donnie,Elbert,52,heart disease,blues,Philadelphia,Pennsylvania,United States
150,160,Rudy,Lewis,27,drugs related,blues,Philadelphia,Pennsylvania,United States
151,474,Lorraine,Ellison,51,cancer,blues,Philadelphia,Pennsylvania,United States
152,230,Tammi,Terrel,24,brain related,blues,Philadelphia,Pennsylvania,United States
153,367,Bill,Kenny,63,heart disease,pop,Philadelphia,Pennsylvania,United States
154,827,Nancy,Walker,69,unknown,pop,Philadelphia,Pennsylvania,United States
155,396,Tiki,Fulwood,35,cancer,funk,Philadelphia,Pennsylvania,United States
156,763,Karen,Young,39,unknown,funk,Philadelphia,Pennsylvania,United States
157,286,Jim,Croce,30,aircraft accident,folk,Philadelphia,Pennsylvania,United States
158,562,Phil,Lynott,36,suicide,rock,West Bromwich,England,United Kingdom
159,568,Richard,Manuel,42,suicide,rock,Stratford,Ontario,Canada
160,637,Alexander,Bashlachev,27,suicide,rock,Cherepovets,Vologda Oblast,Russia
161,685,Dmitry,Selivanov,25,suicide,rock,Novosibirsk,Novosibirsk,Russia
162,782,Yanka,Dyagileva,24,drawning,rock,Novosibirsk,Novosibirsk,Russia
163,715,Del,Shannon,55,suicide,rock,Coopersville,Michigan,United States
164,744,Joel,Rundell,24,suicide,rock,Louisiana,Missouri,United States
165,222,Pop,Foster,77,unknown,jazz,Louisiana,Missouri,United States
166,227,Slim,Harpo,46,heart disease,blues,Louisiana,Missouri,United States
167,857,Dewey,Balfa,65,cancer,folk,Louisiana,Missouri,United States
168,3,Freddie,Mercury,45,AIDS,rock,Zanzibar,Zanzibar West,Tanzania
169,553,Ricky,Wilson,32,AIDS,rock,Athens,Georgia,United States
170,705,Alan,Murphy,35,AIDS,rock,Islington,England,United Kingdom
171,397,John,Glascock,28,heart disease,rock,Islington,England,United Kingdom
172,709,Billy,Lyall,36,AIDS,rock,Edinburgh,Scotland,United Kingdom
173,151,Stuart,Sutcliffe,21,brain related,rock,Edinburgh,Scotland,United Kingdom
174,748,Tom,Fogerty,48,AIDS,rock,Berkeley,California,United States
175,690,John,Cipollina,45,respiratory disease,rock,Berkeley,California,United States
176,852,Iosu,Expósito,31,AIDS,rock,Bilbao,Basque Country,Spain
177,135,Buddy,Holly,22,aircraft accident,rock,Lubbock,Texas,United States
178,136,Big,Bopper,28,aircraft accident,rock,Port Arthur,Texas,United States
179,240,Janis,Joplin,27,drugs related,rock,Port Arthur,Texas,United States
180,653,Ted,Dunbar,61,heart disease,jazz,Port Arthur,Texas,United States
181,357,Cassie,Gaines,29,aircraft accident,rock,Amite County,Mississippi,United States
182,358,Steve,Gaines,28,aircraft accident,rock,Miami,Oklahoma,United States
183,359,Ronnie,Zant,29,aircraft accident,rock,Jacksonville,Florida,United States
184,713,Allen,Collins,37,respiratory disease,rock,Jacksonville,Florida,United States
185,560,Andy,Chapin,33,aircraft accident,rock,Springfield,Massachusetts,United States
186,833,Eddie,Fontaine,65,cancer,pop,Springfield,Massachusetts,United States
187,561,Ricky,Nelson,45,aircraft accident,rock,Teaneck,New Jersey,United States
188,802,Bill,Graham,60,aircraft accident,rock,Berlin,Berlin,Germany
189,244,Francis,Wolff,63,heart disease,jazz,Berlin,Berlin,Germany
190,847,Marlene,Dietrich,90,kidney related,pop,Berlin,Berlin,Germany
191,6,Elvis,Presley,42,heart disease,rock,Tupelo,Mississippi,United States
192,12,Jim,Morrison,27,heart disease,rock,Melbourne,Florida,United States
193,27,Brian,Connolly,51,heart disease,rock,Glasgow,Scotland,United Kingdom
194,454,Alex,Harvey,46,heart disease,rock,Glasgow,Scotland,United Kingdom
195,262,Leslie,Harvey,27,electrocution,rock,Glasgow,Scotland,United Kingdom
196,40,Joe,Strummer,50,heart disease,rock,Ankara,Ankara,Turkey
197,232,George,Goldner,52,heart disease,rock,Brooklyn,New York,United States
198,804,Mort,Shuman,52,cancer,rock,Brooklyn,New York,United States
199,848,Sylvia,Syms,74,heart disease,jazz,Brooklyn,New York,United States
200,771,Doc,Pomus,65,cancer,blues,Brooklyn,New York,United States
201,50,Aaliyah,Haughton,22,aircraft accident,pop,Brooklyn,New York,United States
202,294,Bobby,Bloom,28,accidental self-inflicted gunshot,pop,Brooklyn,New York,United States
203,707,Dickie,Goodman,55,suicide,electronic,Brooklyn,New York,United States
204,252,Gene,Vincent,36,heart disease,rock,Norfolk,Virginia,United States
205,844,Sharon,Redd,46,respiratory disease,funk,Norfolk,Virginia,United States
206,304,Cass,Elliot,32,heart disease,rock,Baltimore,Maryland,United States
207,584,Bea,Booze,74,unknown,blues,Baltimore,Maryland,United States
208,639,Divine, ,42,heart disease,pop,Baltimore,Maryland,United States
209,567,Robbie,Basho,45,heart disease,folk,Baltimore,Maryland,United States
210,375,Tom,Wilson,47,heart disease,rock,Waco,Texas,United States
211,390,Lowell,George,34,heart disease,rock,Hollywood,California,United States
212,391,Van,McCoy,39,heart disease,rock,"Washington, D.C.",District of Columbia,United States
213,837,Deacon,Lunchbox,41,car/motorcycle accident,rock,"Washington, D.C.",District of Columbia,United States
214,300,Duke,Ellington,75,cancer,jazz,"Washington, D.C.",District of Columbia,United States
215,510,Marvin,Gaye,44,homicide,blues,"Washington, D.C.",District of Columbia,United States
216,756,Ronnie,Dyson,40,heart disease,blues,"Washington, D.C.",District of Columbia,United States
217,225,Billy,Stewart,32,car/motorcycle accident,blues,"Washington, D.C.",District of Columbia,United States
218,318,Tim,Buckley,28,drugs related,folk,"Washington, D.C.",District of Columbia,United States
219,393,Dorsey,Burnette,46,heart disease,rock,Memphis,Tennessee,United States
220,379,Chris,Bell,27,car/motorcycle accident,rock,Memphis,Tennessee,United States
221,164,Johnny,Burnette,30,drawning,rock,Memphis,Tennessee,United States
222,173,Bill,Black,39,brain related,rock,Memphis,Tennessee,United States
223,103,Snootie ,Wild,26,homicide,hip-hop,Memphis,Tennessee,United States
224,250,Lil,Armstrong,73,heart disease,jazz,Memphis,Tennessee,United States
225,648,Carolyn,Franklin,43,cancer,jazz,Memphis,Tennessee,United States
226,323,Al,Jackson,39,homicide,blues,Memphis,Tennessee,United States
227,194,Ronnie,Caldwell,18,aircraft accident,blues,Memphis,Tennessee,United States
228,608,Allen,Jones,46,heart disease,blues,Memphis,Tennessee,United States
229,293,Packy,Axton,32,alcohol related,blues,Memphis,Tennessee,United States
230,541,Willie,Mabon,59,cancer,blues,Memphis,Tennessee,United States
231,631,Gene,Miller,54,unknown,blues,Memphis,Tennessee,United States
232,789,Willie,Nix,68,unknown,blues,Memphis,Tennessee,United States
233,840,Johnny,Shines,76,unknown,blues,Memphis,Tennessee,United States
234,124,Johnny,Ace,25,accidental self-inflicted gunshot,blues,Memphis,Tennessee,United States
235,273,Raymond,Jackson,31,Burned,blues,Memphis,Tennessee,United States
236,638,Memphis,Slim,72,kidney related,blues,Memphis,Tennessee,United States
237,408,John,Poulos,32,heart disease,rock,Chicago,Illinois,United States
238,274,Berry,Oakley,24,car/motorcycle accident,rock,Chicago,Illinois,United States
239,511,Ral,Donner,41,cancer,rock,Chicago,Illinois,United States
240,636,John,Curulewski,37,brain related,rock,Chicago,Illinois,United States
241,365,Terry,Kath,31,accidental self-inflicted gunshot,rock,Chicago,Illinois,United States
242,73,Dolla,,21,homicide,hip-hop,Chicago,Illinois,United States
243,101,Young,Dolph,36,homicide,hip-hop,Chicago,Illinois,United States
244,574,Benny,Goodman,77,heart disease,jazz,Chicago,Illinois,United States
245,289,Gene,Krupa,64,cancer,jazz,Chicago,Illinois,United States
246,302,Gene,Ammons,49,cancer,jazz,Chicago,Illinois,United States
247,392,Minnie,Riperton,31,cancer,jazz,Chicago,Illinois,United States
248,549,Jo,Jones,73,respiratory disease,jazz,Chicago,Illinois,United States
249,381,Donny,Hathaway,33,suicide,blues,Chicago,Illinois,United States
250,335,Charles,Stepney,45,heart disease,blues,Chicago,Illinois,United States
251,428,Mike,Bloomfield,37,drugs related,blues,Chicago,Illinois,United States
252,455,John,Belushi,33,drugs related,blues,Chicago,Illinois,United States
253,607,Paul,Butterfield,44,drugs related,blues,Chicago,Illinois,United States
254,161,Meade,Lewis,58,car/motorcycle accident,blues,Chicago,Illinois,United States
255,662,Fred,Below,61,cancer,blues,Chicago,Illinois,United States
256,165,Tiny,Topsy,34,brain related,blues,Chicago,Illinois,United States
257,681,Odie,Payne,62,unknown,blues,Chicago,Illinois,United States
258,760,Buck,Ram,83,unknown,pop,Chicago,Illinois,United States
259,565,Albert,Grossman,59,heart disease,folk,Chicago,Illinois,United States
260,531,Steve,Goodman,36,cancer,folk,Chicago,Illinois,United States
261,727,Wesley,Rose,72,unknown,country,Chicago,Illinois,United States
262,425,Felton,Jarvis,46,heart disease,rock,Atlanta,Georgia,United States
263,86,Bankroll ,Fresh,28,homicide,hip-hop,Atlanta,Georgia,United States
264,98,King,Von,26,homicide,hip-hop,Atlanta,Georgia,United States
265,106,Trouble,,34,homicide,hip-hop,Atlanta,Georgia,United States
266,527,Titus,Turner,51,unknown,blues,Atlanta,Georgia,United States
267,427,Bill,Haley,55,heart disease,rock,Highland Park,Michigan,United States
268,506,Jackie,Wilson,49,respiratory disease,blues,Highland Park,Michigan,United States
269,468,Dave,Torbert,34,heart disease,rock,San Francisco,California,United States
270,166,Gracie,Allen,69,heart disease,jazz,San Francisco,California,United States
271,400,Voyle,Gilmore,67,unknown,jazz,San Francisco,California,United States
272,590,Kate,Wolf,44,cancer,folk,San Francisco,California,United States
273,775,Dave,Guard,56,cancer,folk,San Francisco,California,United States
274,476,Karen,Carpenter,32,heart disease,rock,Montegut,Louisiana,United States
275,490,Frank,Fenter,47,heart disease,rock,Johannesburg,Gauteng,South Africa
276,540,Bob,Shad,65,heart disease,rock,Beverly Hills,California,United States
277,730,Sammy,Jr.,64,cancer,jazz,Beverly Hills,California,United States
278,257,Ross,Bagdasarian,52,heart disease,pop,Beverly Hills,California,United States
279,555,Ian,Stewart,47,heart disease,rock,Pittenweem,Scotland,United Kingdom
280,663,Robert,Calvert,43,heart disease,rock,Pretoria,Gauteng,South Africa
281,845,Dudu ,Ndlovu,34,homicide,pop,Pretoria,Gauteng,South Africa
282,667,Cliff,Gallup,58,heart disease,rock,Norfolk,Massachusetts,United States
283,669,Roy,Orbison,52,heart disease,rock,Vernon,Texas,United States
284,734,Richard,Sohl,37,heart disease,rock,Queens,New York,United States
285,24,Johnny,Thunders,38,drugs related,rock,Queens,New York,United States
286,29,Joey,Ramone,49,cancer,rock,Queens,New York,United States
287,55,Stretch,,27,homicide,hip-hop,Queens,New York,United States
288,62,Freaky,Tah,27,homicide,hip-hop,Queens,New York,United States
289,435,Tracy,Weber,21,homicide,blues,Queens,New York,United States
290,788,Michael,Landon,54,cancer,pop,Queens,New York,United States
291,796,Rob,Tyner,46,heart disease,rock,Detroit,Michigan,United States
292,290,Zeke,Zettner,25,drugs related,rock,Detroit,Michigan,United States
293,737,Rob,Graves,35,drugs related,rock,Detroit,Michigan,United States
294,69,Blade,Icewood,28,homicide,hip-hop,Detroit,Michigan,United States
295,70,Proof,,32,homicide,hip-hop,Detroit,Michigan,United States
296,442,Hubert,Johnson,40,suicide,blues,Detroit,Michigan,United States
297,330,Florence,Ballard,32,heart disease,blues,Detroit,Michigan,United States
298,632,Nat,Tarnopol,56,heart disease,blues,Detroit,Michigan,United States
299,492,Wild,Moore,65,unknown,blues,Detroit,Michigan,United States
300,803,Jim,Reese,49,heart disease,rock,Amarillo,Texas,United States
301,812,Jerry,Nolan,45,heart disease,rock,Williamsburg,New York,United States
302,813,Dee,Murray,45,heart disease,rock,Gillingham,England,United Kingdom
303,7,Taylor,Hawkins,50,drugs related,rock,Fort Worth,Texas,United States
304,248,King,Curtis,37,homicide,jazz,Fort Worth,Texas,United States
305,25,Layne,Staley,34,drugs related,rock,Bellevue,Washington,United States
306,41,GG,Allin,36,drugs related,rock,Lancaster,New Hampshire,United States
307,198,Frankie,Lymon,25,drugs related,rock,Washington Heights,New York,United States
308,209,Dickie,Pride,27,drugs related,rock,Thornton Heath,England,United Kingdom
309,268,Brian,Cole,29,drugs related,rock,Tacoma,Washington,United States
310,356,Bing,Crosby,74,heart disease,pop,Tacoma,Washington,United States
311,324,Gary,Thain,27,drugs related,rock,Christchurch,Canterbury Region,New Zealand
312,341,Tommy,Bolin,25,drugs related,rock,Sioux City,Iowa,United States
313,855,Clarence ,Miller,69,heart disease,blues,Sioux City,Iowa,United States
314,376,Keith,Moon,32,drugs related,rock,Wembley,England,United Kingdom
315,377,Johnny,Keefe,43,drugs related,rock,Bondi Junction,New South Wales,Australia
316,394,Jimmy,McCulloch,26,drugs related,rock,Dumbarton,Scotland,United Kingdom
317,416,George,III,26,drugs related,rock,Burlington,Iowa,United States
318,457,Lester,Bangs,33,drugs related,rock,Escondido,California,United States
319,461,James,Scott,25,drugs related,rock,Hereford,England,United Kingdom
320,480,Pete,Farndon,30,drugs related,rock,Hereford,England,United Kingdom
321,656,Jesse,Davis,43,drugs related,rock,Norman,Oklahoma,United States
322,657,Hillel,Slovak,26,drugs related,rock,Haifa,Haifa District,Israel
323,679,Vincent,Crane,45,drugs related,rock,Reading,England,United Kingdom
324,721,Andrew,Wood,24,drugs related,rock,Columbus,Mississippi,United States
325,741,Brent,Mydland,37,drugs related,rock,Munich,Bavaria,Germany
326,13,Bon,Scott,33,alcohol related,rock,Forfar,Scotland,United Kingdom
327,406,Bon,Scott,33,alcohol related,rock,Forfar,Scotland,United Kingdom
328,14,John,Bonham,32,alcohol related,rock,Redditch,England,United Kingdom
329,170,Alan,Freed,43,alcohol related,rock,Windber,Pennsylvania,United States
330,265,Clyde,McPhatter,39,alcohol related,rock,Durham,North Carolina,United States
331,451,Pigmeat,Markham,77,heart disease,pop,Durham,North Carolina,United States
332,272,Billy,Murcia,21,alcohol related,rock,Bogotá D.C.,Bogotá D.C.,Colombia
333,275,Danny,Whitten,29,alcohol related,rock,Columbus,Georgia,United States
334,277,Ronald,McKernan,27,alcohol related,rock,San Bruno,California,United States
335,314,Dave,Alexander,27,alcohol related,rock,Whitmore Lake,Michigan,United States
336,349,Peter,Laughner,24,alcohol related,rock,Bay Village,Ohio,United States
337,413,Carl,Radle,37,alcohol related,rock,Tulsa,Oklahoma,United States
338,618,Howard,McGhee,69,unknown,jazz,Tulsa,Oklahoma,United States
339,538,David,Byron,38,alcohol related,rock,Essex,England,United Kingdom
340,779,Steve,Marriott,44, accident,rock,Essex,England,United Kingdom
341,592,Rauli,Somerjoki,39,alcohol related,rock,Somero,Finland Proper,Finland
342,784,Gene,Clark,46,alcohol related,rock,Tipton,Missouri,United States
343,799,J.,Wilson,49,alcohol related,rock,Lufkin,Texas,United States
344,36,Steve,Gilpin,42,car/motorcycle accident,rock,Wellington,Wellington Region,New Zealand
345,144,Eddie,Cochran,21,car/motorcycle accident,rock,Albert Lea,Minnesota,United States
346,212,Martin,Lamble,19,car/motorcycle accident,rock,City of Westminster,England,United Kingdom
347,249,Thomas,Wayne,31,car/motorcycle accident,rock,Batesville,Mississippi,United States
348,253,Duane,Allman,24,car/motorcycle accident,rock,Nashville,Tennessee,United States
349,364,James,Burke,74,respiratory disease,blues,Nashville,Tennessee,United States
350,426,Blind,Campbell,74,unknown,blues,Nashville,Tennessee,United States
351,600,Don,Gant,44,car/motorcycle accident,pop,Nashville,Tennessee,United States
352,321,Lefty,Frizzell,47,heart disease,country,Nashville,Tennessee,United States
353,411,Tommy,Caldwell,30,car/motorcycle accident,rock,Spartanburg,South Carolina,United States
354,434,Steve,Currie,33,car/motorcycle accident,rock,Grimsby,England,United Kingdom
355,484,Eduardo,Benavente,20,car/motorcycle accident,rock,Madrid,Madrid,Spain
356,337,Cecilia, ,27,car/motorcycle accident,folk,Madrid,Madrid,Spain
357,533,Razzle, ,24,car/motorcycle accident,rock,Warwickshire,England,United Kingdom
358,557,D.,Boon,27,car/motorcycle accident,rock,San Pedro,California,United States
359,619,Alex,Sadkin,38,car/motorcycle accident,rock,Fort Lauderdale,Florida,United States
360,692,Pete,Freitas,27,car/motorcycle accident,rock,Port of Spain,Port of Spain,Trinidad And Tobago
361,447,Hazel,Scott,61,cancer,jazz,Port of Spain,Port of Spain,Trinidad And Tobago
362,733,Stiv,Bators,40,car/motorcycle accident,rock,Youngstown,Ohio,United States
363,133,Tiny,Bradshaw,51,brain related,jazz,Youngstown,Ohio,United States
364,746,Viktor,Tsoi,28,car/motorcycle accident,rock,Saint Petersburg,Saint Petersburg,Russia
365,792,Mike,Naumenko,36,brain related,rock,Saint Petersburg,Saint Petersburg,Russia
366,10,Jeff,Buckley,30,drawning,rock,Anaheim,California,United States
367,774,Leo,Fender,81,brain related,blues,Anaheim,California,United States
368,215,Brian,Jones,27,drawning,rock,Cheltenham,England,United Kingdom
369,504,Dennis,Wilson,39,drawning,rock,Inglewood,California,United States
370,655,Finbarr,Donnelly,27,drawning,rock,Belfast,Northern Ireland,United Kingdom
371,735,Jim,Hodder,42,drawning,rock,Bethpage,New York,United States
372,800,Ole,Beich,36,drawning,rock,Esbjerg,Region of Southern Denmark,Denmark
373,26,David,Bowie,69,cancer,rock,Brixton,England,United Kingdom
374,325,Hound,Taylor,60,cancer,rock,Natchez,Mississippi,United States
375,256,Papa,Lightfoot,47,heart disease,blues,Natchez,Mississippi,United States
376,753,Arthur ,Spires,78,unknown,blues,Natchez,Mississippi,United States
377,328,Rudy,Pompilli,51,cancer,rock,Chester,Pennsylvania,United States
378,383,Mike,Patto,36,cancer,rock,Cirencester,England,United Kingdom
379,404,Edward,Lewis,79,cancer,rock,Chelsea,England,United Kingdom
380,463,Bill,Justis,55,cancer,rock,Birmingham,Alabama,United States
381,601,Tony,Stratton-Smith,53,cancer,rock,Birmingham,Alabama,United States
382,210,Benny,Benjamin,43,brain related,jazz,Birmingham,Alabama,United States
383,284,Paul,Williams,34,suicide,blues,Birmingham,Alabama,United States
384,363,Big,Ellis,63,heart disease,blues,Birmingham,Alabama,United States
385,582,Bobby,Nunn,63,heart disease,blues,Birmingham,Alabama,United States
386,214,Shorty,Long,29,drawning,blues,Birmingham,Alabama,United States
387,127,Ralph,Willis,47,unknown,blues,Birmingham,Alabama,United States
388,242,Coot ,Grant,77,unknown,blues,Birmingham,Alabama,United States
389,558,Gus,Jenkins,54,unknown,blues,Birmingham,Alabama,United States
390,836,Hanky,Penny,73,heart disease,country,Birmingham,Alabama,United States
391,472,Lamar,Williams,34,cancer,rock,Gulfport,Mississippi,United States
392,477,Dig,Richards,42,cancer,rock,Dunedoo,New South Wales,Australia
393,585,Scatman,Crothers,76,cancer,rock,Terre Haute,Indiana,United States
394,587,Billy,Rancher,29,cancer,rock,Portland,Oregon,United States
395,739,Gerry,Boulet,44,cancer,rock,Saint-Jean-sur-Richelieu,Quebec,Canada
396,793,Vince,Taylor,52,cancer,rock,Isleworth,England,United Kingdom
397,199,Syd,Nathan,63,respiratory disease,rock,Cincinnati,Ohio,United States
398,520,Philippé,Wynne,43,heart disease,blues,Cincinnati,Ohio,United States
399,571,O'Kelly,Jr.,11,heart disease,blues,Cincinnati,Ohio,United States
400,254,Art,Laibly,77,unknown,blues,Cincinnati,Ohio,United States
401,518,Guy,McDonough,28,respiratory disease,rock,Mount Eliza,Victoria,Australia
402,647,Barbara,Robison,42,respiratory disease,rock,Las Vegas,Nevada,United States
403,842,Yutaka,Ozaki,26,respiratory disease,rock,Setagaya-ku,Tokyo,Japan
404,665,Tim,Davis,44,diabetes,rock,Milwaukee,Wisconsin,United States
405,626,Woody,Herman,74,respiratory disease,jazz,Milwaukee,Wisconsin,United States
406,39,Keith,Relf,33,electrocution,rock,Richmond,England,United Kingdom
407,471,Rebop,Baah,38,brain related,rock,Konongo,Ashanti,Ghana
408,340,Leo,Mintz,65,unknown,rock,Cleveland,Ohio,United States
409,296,Harry,Womack,28,homicide,blues,Cleveland,Ohio,United States
410,437,Ernie ,Freeman,58,heart disease,blues,Cleveland,Ohio,United States
411,695,Bull ,Jackson,70,cancer,blues,Cleveland,Ohio,United States
412,445,Sandra,Tilley,37,brain related,blues,Cleveland,Ohio,United States
413,409,Ricky,Lancelotti,35,unknown,rock,Trenton,New Jersey,United States
414,287,Maury,Muehleisen,24,aircraft accident,folk,Trenton,New Jersey,United States
415,501,John,Grimaldi,28,unknown,rock,St Albans,England,United Kingdom
416,650,Claude,Demetrius,71,unknown,rock,Sagadahoc County,Maine,United States
417,698,Mickey,Hawks,49,unknown,rock,Thomasville,North Carolina,United States
418,120,Danny,Cedrone,33, accident,rock,Onondaga County,New York,United States
419,720,Ric,Grech,44,kidney related,rock,Bordeaux,Nouvelle-Aquitaine,France
420,4,Dimebag,Darrel,38,homicide,metal,Ennis,Texas,United States
421,44,Øystein,Aarseth,25,homicide,metal,Surnadal,Møre og Romsdal,Norway
422,778,Dead, ,22,suicide,metal,Stockholm,Stockholm County,Sweden
423,100,Einár ,,19,homicide,hip-hop,Stockholm,Stockholm County,Sweden
424,5,Randy,Rhoads,25,aircraft accident,metal,Santa Monica,California,United States
425,718,Dave,Prichard,26,cancer,metal,Santa Monica,California,United States
426,572,Dorothy,Ashby,53,cancer,jazz,Santa Monica,California,United States
427,602,Dino,Martin,35,aircraft accident,pop,Santa Monica,California,United States
428,19,James,Sullivan,28,drugs related,metal,Huntington Beach,California,United States
429,761,Steve,Clark,30,alcohol related,metal,Sheffield,England,United Kingdom
430,9,Cliff,Burton,24,car/motorcycle accident,metal,Castro Valley,California,United States
431,596,Tony,Destra,32,car/motorcycle accident,metal,Harrisburg,Pennsylvania,United States
432,764,Roger,Patterson,22,car/motorcycle accident,metal,Sarasota,Florida,United States
433,43,Chuck,Schuldiner,34,cancer,metal,Long Island City,New York,United States
434,46,Ronnie,Dio,67,cancer,metal,Portsmouth,New Hampshire,United States
435,54,Charizma,,20,homicide,hip-hop,East Palo Alto,California,United States
436,56,Seagram,,26,homicide,hip-hop,Oakland,California,United States
437,68,Mac,Dre,34,homicide,hip-hop,Oakland,California,United States
438,60,Fat,Pat,27,homicide,hip-hop,Houston,Texas,United States
439,71,Big ,Hawk,36,homicide,hip-hop,Houston,Texas,United States
440,853,Willmer,Broadnax,75,homicide,blues,Houston,Texas,United States
441,320,Don,Robey,71,heart disease,blues,Houston,Texas,United States
442,759,Goree,Carter,59,unknown,blues,Houston,Texas,United States
443,832,Joe,Medwick,60,unknown,blues,Houston,Texas,United States
444,63,DJ,Al,32,homicide,hip-hop,Allapattah,Florida,United States
445,65,Camouflauge,,21,homicide,hip-hop,Savannah,Georgia,United States
446,526,Trummy,Young,72,brain related,jazz,Savannah,Georgia,United States
447,74,Lele,,23,homicide,hip-hop,Carolina,Puerto Rico,United States
448,75,Magnolia,Shorty,28,homicide,hip-hop,Baton Rouge,Louisiana,United States
449,78,Lil,Path,19,homicide,hip-hop,Baton Rouge,Louisiana,United States
450,76,Bad,Brown,33,homicide,hip-hop,Port-au-Prince,Ouest,Haiti
451,77,Adan,Zapata,21,homicide,hip-hop,San Nicolás de los Garza,Nuevo León,Mexico
452,79,MC,Daleste,20,homicide,hip-hop,São Paulo,São Paulo,Brazil
453,80,Pavlos,Fyssas,34,homicide,hip-hop,Pérama,Epirus Region,Greece
454,82,Doe,B,22,homicide,hip-hop,Montgomery,Alabama,United States
455,171,Nat,Cole,45,cancer,jazz,Montgomery,Alabama,United States
456,83,The,Jacka,37,homicide,hip-hop,Pittsburg,California,United States
457,84,Flabba,,37,homicide,hip-hop,Soweto,Gauteng,South Africa
458,85,Chinx,Drugz,31,homicide,hip-hop,Far Rockaway,New York,United States
459,87,3-2,,44,homicide,hip-hop,Yakima,Washington,United States
460,509,Tom,Jans,36,drugs related,folk,Yakima,Washington,United States
461,88,XXXTentacion,,20,homicide,hip-hop,Plantation,Florida,United States
462,89,Jimmy,Wopo,21,homicide,hip-hop,Pittsburgh,Pennsylvania,United States
463,536,Kenny,Clarke,71,heart disease,jazz,Pittsburgh,Pennsylvania,United States
464,680,Roy,Eldridge,78,heart disease,jazz,Pittsburgh,Pennsylvania,United States
465,752,Art,Blakey,71,cancer,jazz,Pittsburgh,Pennsylvania,United States
466,810,Beaver,Harris,55,cancer,jazz,Pittsburgh,Pennsylvania,United States
467,90,Smoke,Dawg,21,homicide,hip-hop,Toronto,Ontario,Canada
468,652,Gil,Evans,75,respiratory disease,jazz,Toronto,Ontario,Canada
469,92,Feis,,32,homicide,hip-hop,Rotterdam,South Holland,Netherlands
470,93,Kevin,Rodriguez,25,homicide,hip-hop,Río Piedras,Puerto Rico,United States
471,97,Huey,,32,homicide,hip-hop,Saint Louis County,Missouri,United States
472,31,Chuck,Berry,90,natural causes,blues,Saint Louis County,Missouri,United States
473,99,Mo3,,28,homicide,hip-hop,McKinney,Texas,United States
474,104,Archie,Eversole,37,homicide,hip-hop,Bonn,North Rhine-Westphalia,Germany
475,105,Sidhu,Wala,28,homicide,hip-hop,Mansa,Punjab,India
476,107,JayDaYoungan,,24,homicide,hip-hop,Bogalusa,Louisiana,United States
477,402,Professor,Longhair,61,heart disease,blues,Bogalusa,Louisiana,United States
478,109,Takeoff,,28,homicide,hip-hop,Lawrenceville,Georgia,United States
479,48,Prince,Nelson,57,drugs related,hip-hop,Minneapolis,Minnesota,United States
480,535,Georgie,Stoll,79,respiratory disease,jazz,Minneapolis,Minnesota,United States
481,699,Keef,Cowboy,28,drugs related,hip-hop,The Bronx,New York,United States
482,329,Sal,Mineo,37,homicide,pop,The Bronx,New York,United States
483,738,Trouble,Roy,22, accident,hip-hop,Mount Vernon,New York,United States
484,129,John,Dolphin,55,homicide,jazz,Monroe County,Alabama,United States
485,524,Lenny,Breau,43,homicide,jazz,Auburn,Maine,United States
486,624,Jaco,Pastorious,35,homicide,jazz,Norristown,Pennsylvania,United States
487,828,Phillip,Wilson,50,homicide,jazz,St. Louis,Missouri,United States
488,382,Grant,Green,43,heart disease,jazz,St. Louis,Missouri,United States
489,417,Jimmy,Forrest,60,heart disease,jazz,St. Louis,Missouri,United States
490,456,Floyd,Smith,65,unknown,jazz,St. Louis,Missouri,United States
491,303,Lightnin,Slim,61,cancer,blues,St. Louis,Missouri,United States
492,711,Gene,Phillips,74,unknown,blues,St. Louis,Missouri,United States
493,143,Beverly,Kenney,28,suicide,jazz,Harrison,New Jersey,United States
494,305,Bill,Chase,39,aircraft accident,jazz,Questa,New Mexico,United States
495,113,Al,Jolson,64,heart disease,jazz,Taurage,Tauragė County,Lithuania
496,204,Wes,Montgomery,45,heart disease,jazz,Indianapolis,Indiana,United States
497,723,Thurston,Harris,58,heart disease,blues,Indianapolis,Indiana,United States
498,236,Johnny,Hodges,62,heart disease,jazz,Cambridge,Massachusetts,United States
499,239,Maxwell,Davis,54,heart disease,jazz,Independence,Kansas,United States
500,306,Tina,Brooks,42,heart disease,jazz,Fayetteville,North Carolina,United States
501,313,Louis,Jordan,66,heart disease,jazz,Brinkley,Arkansas,United States
502,353,George,Barnes,56,heart disease,jazz,South Chicago Heights,Illinois,United States
503,361,Guy,Lombardo,75,heart disease,jazz,London,Ontario,Canada
504,245,Carmen,Lombardo,67,cancer,jazz,London,Ontario,Canada
505,362,Rahsaan,Kirk,42,heart disease,jazz,Columbus,Ohio,United States
506,488,Larry,Darnell,54,cancer,blues,Columbus,Ohio,United States
507,781,Andrew,Tibbs,62,unknown,blues,Columbus,Ohio,United States
508,368,Money,Johnson,60,heart disease,jazz,Tyler,Texas,United States
509,336,Melvin,Jackson,60,car/motorcycle accident,blues,Tyler,Texas,United States
510,460,Art,Pepper,56,heart disease,jazz,Gardena,California,United States
511,482,Earl,Hines,79,heart disease,jazz,Duquesne,Pennsylvania,United States
512,546,Kay,Kyser,80,heart disease,jazz,Rocky Mount,North Carolina,United States
513,594,Alfred,Lion,78,heart disease,jazz,San Diego,California,United States
514,604,Maxine,Sullivan,75,heart disease,jazz,Homestead,Pennsylvania,United States
515,629,Slam,Stewart,9,heart disease,jazz,Englewood,New Jersey,United States
516,729,Emily,Remler,32,drugs related,jazz,Englewood,New Jersey,United States
517,777,Henry,Glover,69,heart disease,jazz,Hot Springs,Arkansas,United States
518,702,Gene,Nobles,76,unknown,electronic,Hot Springs,Arkansas,United States
519,834,Sammy,Price,83,heart disease,jazz,Honey Grove,Texas,United States
520,158,Dinah,Washington,39,drugs related,jazz,Tuscaloosa,Alabama,United States
521,689,Good,Charles,56,unknown,blues,Tuscaloosa,Alabama,United States
522,213,Judy,Garland,47,drugs related,jazz,Grand Rapids,Minnesota,United States
523,651,Chet,Baker,58,drugs related,jazz,Yale,Oklahoma,United States
524,178,Dave,Lambert,49,car/motorcycle accident,jazz,Boston,Massachusetts,United States
525,464,Sonny,Stitt,58,cancer,jazz,Boston,Massachusetts,United States
526,593,Ray,Bolger,83,cancer,pop,Boston,Massachusetts,United States
527,388,Jack,Haley,81,respiratory disease,pop,Boston,Massachusetts,United States
528,237,Earl,Grant,39,car/motorcycle accident,jazz,Idabel,Oklahoma,United States
529,519,Jimmie,Spheeris,34,car/motorcycle accident,jazz,Phenix City,Alabama,United States
530,606,Irving,Ashby,66,drawning,jazz,Somerville,Massachusetts,United States
531,856,Nat,Pierce,66,infection,jazz,Somerville,Massachusetts,United States
532,187,John,Coltrane,40,cancer,jazz,Hamlet,North Carolina,United States
533,243,Harold,McNair,39,cancer,jazz,Kingston,Kingston Parish,Jamaica
534,498,Hugh,Mundell,21,homicide,Reggae,Kingston,Kingston Parish,Jamaica
535,605,Carlton,Barrett,36,homicide,Reggae,Kingston,Kingston Parish,Jamaica
536,677,King,Tubby,48,homicide,Reggae,Kingston,Kingston Parish,Jamaica
537,532,Keith,Hudson,37,cancer,Reggae,Kingston,Kingston Parish,Jamaica
538,211,Don,Drummond,37,suicide,ska,Kingston,Kingston Parish,Jamaica
539,387,Blue,Mitchell,49,cancer,jazz,Miami,Florida,United States
540,854,Geezil,Minerve,70,unknown,jazz,Miami,Florida,United States
541,149,Kelsey,Pharr,44,cancer,blues,Miami,Florida,United States
542,496,Willie,Bobo,49,cancer,jazz,East Harlem,New York,United States
543,513,Count,Basie,79,cancer,jazz,Red Bank,New Jersey,United States
544,563,Joe,Farrell,48,cancer,jazz,Chicago Heights,Illinois,United States
545,578,Thad,Jones,24,cancer,jazz,Pontiac,Michigan,United States
546,616,Lee,Gaines,73,cancer,jazz,Chickasaw County,Mississippi,United States
547,676,Joe,Raposo,51,cancer,jazz,Fall River,Massachusetts,United States
548,683,Marek,Bliziński,41,cancer,jazz,Warsaw,Masovian Voivodeship,Poland
549,579,Moses,Asch,80,unknown,folk,Warsaw,Masovian Voivodeship,Poland
550,694,Nesuhi ,Ertegun,71,cancer,jazz,Elbistan,Kahramanmaraş,Turkey
551,714,Mel,Lewis,60,cancer,jazz,Buffalo,New York,United States
552,467,Patrick,Cowley,32,AIDS,electronic,Buffalo,New York,United States
553,762,Stan,Szelest,48,heart disease,country,Buffalo,New York,United States
554,722,Sarah,Vaughan,66,cancer,jazz,Newark,New Jersey,United States
555,465,Nick,Lucas,84,respiratory disease,jazz,Newark,New Jersey,United States
556,260,Linda,Jones,27,diabetes,blues,Newark,New Jersey,United States
557,49,Whitney,Houston,48,drawning,pop,Newark,New Jersey,United States
558,731,Morris,Levy,62,cancer,jazz,Harlem,New York,United States
559,282,Jimmy,Radcliffe,36,kidney related,pop,Harlem,New York,United States
560,755,Bobby,Scott,53,cancer,jazz,Westchester County,New York,United States
561,786,Richard,Holmes,60,cancer,jazz,Camden,New Jersey,United States
562,797,Billy,Vaughn,72,cancer,jazz,Glasgow,Kentucky,United States
563,820,Jim,Pepper,50,cancer,jazz,Salem,Oregon,United States
564,824,Mary,Osborne,70,cancer,jazz,Minot,North Dakota,United States
565,825,Red,Callender,76,cancer,jazz,Richmond,Virginia,United States
566,221,Tommy,Edwards,47,infection,jazz,Richmond,Virginia,United States
567,826,Monty,Budwig,62,cancer,jazz,Pender,Nebraska,United States
568,807,Buck,Clayton,80,natural causes,jazz,Parsons,Kansas,United States
569,128,Walter,Page,57,respiratory disease,jazz,Gallatin,Missouri,United States
570,276,Kid,Ory,86,respiratory disease,jazz,Saint John the Baptist Parish,Louisiana,United States
571,704,Cousin,Joe,81,natural causes,blues,Saint John the Baptist Parish,Louisiana,United States
572,573,Hank,Mobley,55,respiratory disease,jazz,Eastman,Georgia,United States
573,634,Joe,Albany,63,respiratory disease,jazz,Atlantic City,New Jersey,United States
574,798,Miles,Davis,65,respiratory disease,jazz,Alton,Illinois,United States
575,322,Cannonball,Adderley,46,brain related,jazz,Tampa,Florida,United States
576,809,King,Kolax,9,brain related,jazz,Kansas City,Kansas,United States
577,660,Priscilla,Bowman,60,cancer,blues,Kansas City,Kansas,United States
578,123,Papa,Celestin,70,unknown,jazz,Napoleonville,Louisiana,United States
579,200,Bumps,Myers,55,unknown,jazz,Clarksburg,West Virginia,United States
580,261,Doles,Dickens,56,unknown,jazz,Raleigh,North Carolina,United States
581,267,Lovie,Austin,84,unknown,jazz,Chattanooga,Tennessee,United States
582,550,Little,Montgomery,79,unknown,jazz,Kentwood,Louisiana,United States
583,776,Paul,Gayten,71,unknown,blues,Kentwood,Louisiana,United States
584,611,Kid,Valentine,91,unknown,jazz,Reserve,Louisiana,United States
585,725,Rufus,Jones,53,unknown,jazz,Charleston,South Carolina,United States
586,111,Bertha,Hill,45,car/motorcycle accident,blues,Charleston,South Carolina,United States
587,750,Sam,Taylor,74,unknown,jazz,Henderson County,Tennessee,United States
588,811,Teddy,Grace,86,unknown,jazz,Arcadia,Louisiana,United States
589,708,Freddie,Waits,46,kidney related,jazz,Jackson,Mississippi,United States
590,678,Hip,Linkchain,52,cancer,blues,Jackson,Mississippi,United States
591,112,Papa,McCoy,41,brain related,blues,Jackson,Mississippi,United States
592,747,Boogie ,Webb,66,unknown,blues,Jackson,Mississippi,United States
593,374,Al,Benson,70,unknown,electronic,Jackson,Mississippi,United States
594,716,Johnnie,Ray,63,kidney related,jazz,Dallas,Oregon,United States
595,168,Buster,Pickens,48,homicide,blues,Hempstead,Texas,United States
596,169,Sam,Cooke,33,homicide,blues,Clarksdale,Mississippi,United States
597,399,Jackie,Brenston,49,heart disease,blues,Clarksdale,Mississippi,United States
598,534,Eddie,Brown,52,heart disease,blues,Clarksdale,Mississippi,United States
599,174,Jazz,Gillum,61,homicide,blues,Indianola,Mississippi,United States
600,197,Little,Walter,37,homicide,blues,Marksville,Louisiana,United States
601,229,Darrel,Banks,32,homicide,blues,Mansfield,Ohio,United States
602,231,Kid,Thomas,35,homicide,blues,Oktibbeha County,Mississippi,United States
603,354,Mercy,Baby,47,homicide,blues,Rawls Springs,Mississippi,United States
604,717,Cornell,Gunter,53,homicide,blues,Coffeyville,Kansas,United States
605,664,Roy,Buchanan,48,suicide,blues,Ozark,Arkansas,United States
606,580,Esquerita, ,50,AIDS,blues,Greenville,South Carolina,United States
607,193,Otis,Redding,26,aircraft accident,blues,Dawson,Georgia,United States
608,345,Annette,Snell,32,aircraft accident,blues,Orlando,Florida,United States
609,110,Kansas,McCoy,44,heart disease,blues,Raymond,Mississippi,United States
610,118,Carolina,Slim,30,heart disease,blues,Caswell County,North Carolina,United States
611,125,Charles,Davenport,61,heart disease,blues,Anniston,Alabama,United States
612,126,Tommy,Johnson,60,heart disease,blues,Terry,Mississippi,United States
613,131,Leroy,Foster,35,heart disease,blues,Pontotoc County,Mississippi,United States
614,156,Elmore,James,45,heart disease,blues,Richland,Mississippi,United States
615,159,Cyril,Davies,31,heart disease,blues,Denham,England,United Kingdom
616,167,Joe,Henderson,27,heart disease,blues,Como,Mississippi,United States
617,205,Luther,Perkins,40,drugs related,country,Como,Mississippi,United States
618,172,Sonny,Williamson,52,heart disease,blues,Greenwood,Mississippi,United States
619,138,Guitar,Slim,32,respiratory disease,blues,Greenwood,Mississippi,United States
620,446,Furry,Lewis,82,respiratory disease,blues,Greenwood,Mississippi,United States
621,181,John,Hurt,73,heart disease,blues,Carroll County,Mississippi,United States
622,202,Little,John,30,heart disease,blues,Ouachita County,Arkansas,United States
623,208,Kokomo,Arnold,67,heart disease,blues,Clayton County,Georgia,United States
624,220,Leonard,Chess,52,heart disease,blues,Motal’,Brest Region,Belarus
625,223,Magic,Sam,32,heart disease,blues,Grenada County,Mississippi,United States
626,263,Gary,Davis,76,heart disease,blues,Laurens,South Carolina,United States
627,308,Pink,Anderson,74,heart disease,blues,Laurens,South Carolina,United States
628,269,Baby,Tate,56,heart disease,blues,Elberton,Georgia,United States
629,278,Duke,Henderson,48,heart disease,blues,Liberty,Missouri,United States
630,283,Memphis,Minnie,76,heart disease,blues,Tunica County,Mississippi,United States
631,288,Rosetta,Tharpe,58,heart disease,blues,Woodruff County,Arkansas,United States
632,316,T-Bone,Walker,64,heart disease,blues,Linden,Texas,United States
633,326,Howlin,Wolf,65,heart disease,blues,Clay County,Mississippi,United States
634,327,Chris ,Kenner,46,heart disease,blues,Kenner,Louisiana,United States
635,338,Jimmy,Reed,50,heart disease,blues,Washington County,Mississippi,United States
636,339,L.,Robinson,62,heart disease,blues,Brenham,Texas,United States
637,347,Lafayette,Thomas,48,heart disease,blues,Loup City,Nebraska,United States
638,348,Sleepy,Estes,77,heart disease,blues,Ripley,Tennessee,United States
639,350,Baby,Warren,57,heart disease,blues,Lake Providence,Louisiana,United States
640,351,Big,Wrencher,54,heart disease,blues,Sunflower,Mississippi,United States
641,421,O.,Wright,41,heart disease,blues,Shelby County,Tennessee,United States
642,430,Tampa,Red,78,heart disease,blues,Lee County,Georgia,United States
643,438,Roy,Brown,55,heart disease,blues,Kinder,Louisiana,United States
644,450,Big,Horton,60,heart disease,blues,Horn Lake,Mississippi,United States
645,466,Joe,Tex,47,heart disease,blues,Rogers,Texas,United States
646,483,Muddy,Waters,70,heart disease,blues,Issaquena County,Mississippi,United States
647,514,Z.,Hill,48,heart disease,blues,Naples,Texas,United States
648,521,Big,Thornton,57,heart disease,blues,Dale County,Alabama,United States
649,523,Percy,Mayfield,63,heart disease,blues,Webster Parish,Louisiana,United States
650,529,Geater,Davis,42,heart disease,blues,Kountze,Texas,United States
651,544,Pee,Crayton,70,heart disease,blues,Rockdale,Texas,United States
652,554,Big,Turner,74,heart disease,blues,Kansas City,Missouri,United States
653,597,Jimmy,Holiday,52,heart disease,blues,Attala County,Mississippi,United States
654,599,Norman,Harris,39,heart disease,blues,Danville,Virginia,United States
655,620,Joe,Liggins,71,heart disease,blues,Seminole,Oklahoma,United States
656,635,René,Hall,75,heart disease,blues,Morgan City,Louisiana,United States
657,666,J.,Heard,71,heart disease,blues,Dayton,Ohio,United States
658,758,Dee,Clark,52,heart disease,blues,Blytheville,Arkansas,United States
659,816,Thunderbird,Davis,53,heart disease,blues,Prichard,Alabama,United States
660,238,Alan,Wilson,27,drugs related,blues,Arlington,Massachusetts,United States
661,431,Bob,Hite,38,drugs related,blues,Torrance,California,United States
662,785,David,Ruffin,50,drugs related,blues,Lauderdale County,Mississippi,United States
663,117,Willie,Love,46,alcohol related,blues,Bolivar County,Mississippi,United States
664,297,Roy,Hawkins,71,alcohol related,blues,Jefferson,Texas,United States
665,371,Juke,Bonner,46,alcohol related,blues,Austin County,Texas,United States
666,493,James,Jamerson,47,alcohol related,blues,Edisto,South Carolina,United States
667,141,Jesse,Belvin,27,car/motorcycle accident,blues,San Antonio,Texas,United States
668,142,Forest,Joe,33,car/motorcycle accident,blues,Hughes,Arkansas,United States
669,625,Ted,Taylor,53,car/motorcycle accident,blues,Okmulgee,Oklahoma,United States
670,644,Dave,Prater,50,car/motorcycle accident,blues,Ocilla,Georgia,United States
671,132,Bill,Broonzy,55,cancer,blues,Jefferson County,Arkansas,United States
672,145,Smokey,Hogg,46,cancer,blues,Odessa,Texas,United States
673,150,Stick,McGhee,43,cancer,blues,Knoxville,Tennessee,United States
674,247,Henry,Haynes,51,heart disease,country,Knoxville,Tennessee,United States
675,180,Smiley,Lewis,53,cancer,blues,DeQuincy,Louisiana,United States
676,206,Joe,Hinton,38,cancer,blues,Evansville,Indiana,United States
677,216,Wynonie ,Harris,53,cancer,blues,Omaha,Nebraska,United States
678,612,Fred,Astaire,88,respiratory disease,pop,Omaha,Nebraska,United States
679,219,Skip,James,67,cancer,blues,Yazoo County,Mississippi,United States
680,224,James,Johnson,67,cancer,blues,Clarksville,Tennessee,United States
681,234,Otis,Spann,40,cancer,blues,Belzoni,Mississippi,United States
682,264,Jimmy,Rushing,70,cancer,blues,Oklahoma City,Oklahoma,United States
683,503,Jimmy,Nolen,49,heart disease,funk,Oklahoma City,Oklahoma,United States
684,266,Fred,McDowell,68,cancer,blues,Fayette County,Tennessee,United States
685,310,Ivory,Hunter,60,cancer,blues,Kirbyville,Texas,United States
686,332,Luther,Johnson,34,cancer,blues,Davisboro,Georgia,United States
687,344,Bukka,White,70,cancer,blues,Aberdeen,Mississippi,United States
688,418,Pat,Hare,49,cancer,blues,Cross County,Arkansas,United States
689,453,Lightin,Hopkins,69,cancer,blues,Centerville,Texas,United States
690,462,Jane,Vasey,32,cancer,blues,Winnipeg,Manitoba,Canada
691,486,J.,Hutto,57,cancer,blues,Blackville,South Carolina,United States
692,505,Alexis,Komer,55,cancer,blues,Paris,Île-de-France,France
693,770,Serge,Gainsbourg,62,heart disease,pop,Paris,Île-de-France,France
694,846,Jean,Pascal,64,cancer,pop,Paris,Île-de-France,France
695,542,Johhny,Fuller,56,cancer,blues,Hinds County,Mississippi,United States
696,475,Sam,Chatmon,86,unknown,blues,Hinds County,Mississippi,United States
697,566,John,R.,75,cancer,blues,Manning,South Carolina,United States
698,628,Little,Foster,65,cancer,blues,Coahoma County,Mississippi,United States
699,668,Son,House,86,cancer,blues,Coahoma County,Mississippi,United States
700,385,Joe,Wilkins,58,brain related,blues,Coahoma County,Mississippi,United States
701,255,Junior,Parker,39,surgery,blues,Coahoma County,Mississippi,United States
702,670,Bill,Harris,63,cancer,blues,Nash County,North Carolina,United States
703,352,Tarheel,Slim,53,respiratory disease,blues,Nash County,North Carolina,United States
704,724,Little,Blue,55,cancer,blues,Vicksburg,Mississippi,United States
705,818,Willie,Dixon,76,diabetes,blues,Vicksburg,Mississippi,United States
706,783,Odia,Coates,49,cancer,pop,Vicksburg,Mississippi,United States
707,766,Bob,Geddins,78,cancer,blues,Falls County,Texas,United States
708,226,L.,McKinley,51,natural causes,blues,Winona,Mississippi,United States
709,470,Lazy,Lucas,64,natural causes,blues,Wynne,Arkansas,United States
710,569,Sonny,Terry,74,natural causes,blues,Greensboro,Georgia,United States
711,728,Sammy,Lawhorn,54,natural causes,blues,Little Rock,Arkansas,United States
712,114,Cecil,Gant,37,respiratory disease,blues,Columbia,Tennessee,United States
713,130,William,Handy,84,respiratory disease,blues,Florence,Alabama,United States
714,157,Daddy,Stovepipe,96,respiratory disease,blues,Mobile,Alabama,United States
715,791,Dootsie,Williams,80,unknown,pop,Mobile,Alabama,United States
716,331,Arthur,Gunter,49,respiratory disease,blues,Oglethorpe County,Georgia,United States
717,452,Tommy,Tucker,48,respiratory disease,blues,Springfield,Ohio,United States
718,119,Sol ,Hoʻopiʻi,51,diabetes,blues,Honolulu,Hawaii,United States
719,843,Sol,K.,82,unknown,pop,Honolulu,Hawaii,United States
720,177,Peg,Howell,78,diabetes,blues,Eatonton,Georgia,United States
721,258,Big,Maybelle,47,diabetes,blues,Jackson,Tennessee,United States
722,298,Arthur,Crudup,68,diabetes,blues,Forest,Mississippi,United States
723,691,Vivian,Carter,68,diabetes,blues,Tunica,Mississippi,United States
724,745,Lafayette ,Leake,71,diabetes,blues,Winona,Missouri,United States
725,217,Roy,Hamilton,40,brain related,blues,Leesburg,Georgia,United States
726,487,Walter,Jackson,45,brain related,blues,Pensacola,Florida,United States
727,115,Luke,Jordan,58,unknown,blues,Lynchburg,Virginia,United States
728,140,Albert,Wichard,41,unknown,blues,Morrilton,Arkansas,United States
729,201,Lester,Melrose,76,unknown,blues,Lawrence County,Illinois,United States
730,203,Bumble,Slim,63,unknown,blues,Brunswick,Georgia,United States
731,228,Ishmon,Bracey,69,unknown,blues,Byram,Mississippi,United States
732,270,Calvin,Frazier,57,unknown,blues,Osceola,Arkansas,United States
733,315,J.,Long,71,unknown,blues,Mecklenburg County,North Carolina,United States
734,360,Peg,Sam,56,unknown,blues,Union County,South Carolina,United States
735,395,Gus,Cannon,96,unknown,blues,Marshall County,Mississippi,United States
736,424,Robert,Williams,66,unknown,blues,Zachary,Louisiana,United States
737,429,Little,Jones,81,unknown,blues,Bowie County,Texas,United States
738,517,Harmonica,Slim,49,unknown,blues,Bowie County,Texas,United States
739,439,Polka,Slim,54,unknown,blues,Woodville,Mississippi,United States
740,491,Jimmy,Liggins,64,unknown,blues,Pottawatomie County,Oklahoma,United States
741,497,George,Smith,59,unknown,blues,West Helena,Arkansas,United States
742,515,Moses,Smith,52,unknown,blues,Jefferson County,Mississippi,United States
743,552,Blind,Davis,71,unknown,blues,Hattiesburg,Mississippi,United States
744,576,Clarence,Garlow,75,unknown,blues,Welsh,Louisiana,United States
745,627,Luke,Miles,62,unknown,blues,Caddo Parish,Louisiana,United States
746,633,John,Dopyera,94,unknown,blues,Senica,Trnava Region,Slovakia
747,643,Moody,Jones,79,unknown,blues,Earle,Arkansas,United States
748,719,Shakey ,Harris,68,unknown,blues,Earle,Arkansas,United States
749,684,Ray,Agee,68,unknown,blues,Marengo County,Alabama,United States
750,697,Sonny,Thompson,65,unknown,blues,Wilkinson County,Mississippi,United States
751,710,Floyd,Jones,72,unknown,blues,Marianna,Arkansas,United States
752,743,Larry,Birdsong,56,unknown,blues,Pulaski,Tennessee,United States
753,757,Lester,Williams,70,unknown,blues,Groveton,Texas,United States
754,765,George,Motola,71,unknown,blues,Hartford,Connecticut,United States
755,134,Henry,Sims,68,surgery,blues,Sharkey County,Mississippi,United States
756,233,Earl,Hooker,40,infection,blues,Quitman County,Mississippi,United States
757,522,Esther,Phillips,48,kidney related,blues,Galveston,Texas,United States
758,342,Freddie,King,42,pancreatitis,blues,Gilmer,Texas,United States
759,808,Headman,Shabalala,46,homicide,pop,uThukela District Municipality,KwaZulu-Natal,South Africa
760,849,Chalino,Sánchez,31,homicide,pop,Culiacán,Sinaloa,Mexico
761,183,Joe,Meek,37,suicide,pop,Newent,England,United Kingdom
762,575,Dean,Reed,47,suicide,pop,Denver,Colorado,United States
763,754,Gervasio, ,42,suicide,pop,Melo,Cerro Largo Department,Uruguay
764,780,Susan,Fassbender,32,suicide,pop,Bradford,England,United Kingdom
765,30,Klaus,Nomi,39,AIDS,pop,Immenstadt im Allgäu,Bavaria,Germany
766,595,Liberace, ,67,AIDS,pop,West Allis,Wisconsin,United States
767,749,Ray,Stephens,35,AIDS,pop,Manhattan,New York,United States
768,495,Ira,Gershwin,86,heart disease,pop,Manhattan,New York,United States
769,831,Arthur,Russell,40,AIDS,pop,Oskaloosa,Iowa,United States
770,858,Peter,Allen,48,AIDS,pop,Tenterfield,New South Wales,Australia
771,410,Anna,Jantar,29,aircraft accident,pop,Poznań,Greater Poland Voivodeship,Poland
772,547,Kyu,Sakamoto,43,aircraft accident,pop,Kawasaki,Kanagawa Prefecture,Japan
773,34,Maurice,Gibb,53,heart disease,pop,Douglas,Scotland,United Kingdom
774,47,George,Michael,53,heart disease,pop,Greater London,England,United Kingdom
775,389,Darla,Hood,47,heart disease,pop,Dewey,Oklahoma,United States
776,570,Mark,Dinning,52,heart disease,pop,Grant County,Oklahoma,United States
777,658,Jimmy,Soul,45,heart disease,pop,Weldon,North Carolina,United States
778,686,Lucille,Ball,77,heart disease,pop,Jamestown,New York,United States
779,448,Jud,Strunk,45,aircraft accident,country,Jamestown,New York,United States
780,817,Ken,Darby,82,heart disease,pop,Hebron,Nebraska,United States
781,821,Jane,Pickens,84,heart disease,pop,Macon,Georgia,United States
782,835,Andy,Russell,72,heart disease,pop,Sun City,Arizona,United States
783,838,Frankie,Howard,75,heart disease,pop,York,England,United Kingdom
784,839,Benny,Hill,68,heart disease,pop,Southampton,England,United Kingdom
785,11,Michael,Jackson,50,drugs related,pop,Gary,Indiana,United States
786,851,Ollie,Halsall,43,drugs related,pop,Lancashire,England,United Kingdom
787,218,Alexandra, ,27,car/motorcycle accident,pop,Klaipėda,Klaipėda District Municipality,Lithuania
788,279,Sammy,Babitzin,24,car/motorcycle accident,pop,Helsinki,Uusimaa,Finland
789,588,Desi,Arnaz,69,cancer,pop,Santiago de Cuba,Santiago de Cuba Province,Cuba
790,736,Kripp,Johnson,57,cancer,pop,Cambridge,Maryland,United States
791,819,Laurel,Lea,49,cancer,pop,Armidale,New South Wales,Australia
792,841,Brian,MacLeod,39,cancer,pop,Halifax,Nova Scotia,Canada
793,564,Gordon,MacRae,64,respiratory disease,pop,East Orange,New Jersey,United States
794,623,Lorne,Greene,72,respiratory disease,pop,Ottawa,Ontario,Canada
795,386,James,Leroy,32,suicide,folk,Ottawa,Ontario,Canada
796,645,Brook,Benton,56,respiratory disease,pop,Lugoff,South Carolina,United States
797,822,Sudirman , ,37,respiratory disease,pop,Temerluh,Pahang,Malaysia
798,850,Lawrence,Welk,89,respiratory disease,pop,Emmons County,North Dakota,United States
799,449,George,Fretes,59,unknown,pop,Bandung,Jawa Barat,Indonesia
800,830,Paula,Kelly,72,unknown,pop,Grove City,Pennsylvania,United States
801,414,Charles,Miller,41,homicide,funk,Olathe,Kansas,United States
802,805,Jacques ,Morali,44,AIDS,funk,Casablanca,Casablanca-Settat,Morocco
803,241,Baby,Huey,26,drugs related,funk,Richmond,Indiana,United States
804,307,Robbie,McIntosh,24,drugs related,funk,Dundee,Scotland,United Kingdom
805,370,Gerry,Shury,33,car/motorcycle accident,funk,Berkhamsted,England,United Kingdom
806,372,Glenn,Goins,24,cancer,funk,Plainfield,New Jersey,United States
807,622,Peter,Tosh,42,homicide,Reggae,Grange Hill,Westmoreland Parish,Jamaica
808,407,Jacob,Miller,27,car/motorcycle accident,Reggae,Mandeville,Manchester Parish,Jamaica
809,436,Bob,Marley,36,cancer,Reggae,Saint Ann’s Bay,Saint Ann Parish,Jamaica
810,641,Amar,Chamkila,27,homicide,folk,Ludhiana,Punjab,India
811,334,Phil,Ochs,35,suicide,folk,El Paso,Texas,United States
812,485,Stan,Rogers,33,aircraft accident,folk,Hamilton,Ontario,Canada
813,311,Nick,Drake,26,drugs related,folk,Yangon,Yangon Region,Myanmar
814,423,Tim,Hardin,39,drugs related,folk,Eugene,Oregon,United States
815,613,Elizabeth,Cotten,94,respiratory disease,folk,Carrboro,North Carolina,United States
816,190,Woody,Guthrie,55,brain related,folk,Okemah,Oklahoma,United States
817,312,Ezra,Carter,76,unknown,folk,Scott County,Virginia,United States
818,378,Maybelle,Carter,69,respiratory disease,country,Scott County,Virginia,United States
819,148,A.,Carter,68,unknown,country,Scott County,Virginia,United States
820,433,Austin,Pitre,63,unknown,folk,Ville Platte,Louisiana,United States
821,706,Ewan,MacColl,74,surgery,folk,Broughton,England,United Kingdom
822,795,Peter,Slaghuis,30,car/motorcycle accident,electronic,Rijswijk,South Holland,Netherlands
823,577,William,Williams,62,cancer,electronic,Babylon,New York,United States
824,630,Conny,Plank,47,cancer,electronic,Hütschenhausen,Rhineland-Palatinate,Germany
825,15,John,Denver,53,aircraft accident,country,Roswell,New Mexico,United States
826,153,Patsy,Cline,30,aircraft accident,country,Winchester,Virginia,United States
827,154,Cowboy,Copas,49,aircraft accident,country,Adams County,Ohio,United States
828,155,Hawkshaw,Hawkins,41,aircraft accident,country,Huntington,West Virginia,United States
829,163,Jim,Reeves,40,aircraft accident,country,Panola County,Texas,United States
830,772,Chris,Austin,27,aircraft accident,country,Boone,North Carolina,United States
831,116,Hank,Williams,29,heart disease,country,Butler County,Alabama,United States
832,182,Moon,Mullican,57,heart disease,country,Polk County,Texas,United States
833,207,Red,Foley,58,heart disease,country,Lincoln County,Kentucky,United States
834,319,George,Morgan,51,heart disease,country,Waverly,Tennessee,United States
835,405,Warren,Smith,47,heart disease,country,Humphreys County,Mississippi,United States
836,469,Marty,Robbins,57,heart disease,country,Glendale,Arizona,United States
837,499,Merle,Travis,65,heart disease,country,Muhlenberg County,Kentucky,United States
838,543,Lloyd,Green,75,heart disease,country,Greene County,Mississippi,United States
839,545,Wynn,Stewart,51,heart disease,country,Polk County,Missouri,United States
840,649,B.,Stevenson,38,heart disease,country,Oak Cliff Place,Texas,United States
841,285,Gram,Parsons,26,drugs related,country,Winter Haven,Florida,United States
842,591,Handsome,Ned,29,drugs related,country,Zweibrücken,Rhineland-Palatinate,Germany
843,688,Keith,Whitley,34,alcohol related,country,Ashland,Kentucky,United States
844,281,Clarence,White,29,car/motorcycle accident,country,Lewiston,Maine,United States
845,301,Don,Rich,32,car/motorcycle accident,country,Olympia,Washington,United States
846,794,Dottie,West,58,car/motorcycle accident,country,McMinnville,Tennessee,United States
847,640,Gordon,Huntley,62,cancer,country,Newbury,England,United Kingdom
848,675,Jethro,Burns,68,cancer,country,Polk County,Tennessee,United States
849,767,Webb,Pierce,69,cancer,country,West Monroe,Louisiana,United States
850,801,Tennessee,Ford,72,cancer,country,Bristol,Tennessee,United States
851,37,Johnny,Cash,71,diabetes,country,Cleveland County,Arkansas,United States
852,380,Sara,Carter,80,unknown,country,Russell County,Virginia,United States
853,525,Hammie,Nixon,76,unknown,country,Brownsville,Tennessee,United States
854,861,Luke,McDaniel,65,unknown,country,Laurel,Mississippi,United States
855,516,Meredith,Willson,82,heart disease,classical,Mason City,Iowa,United States
856,478,William,Walton,80,natural causes,classical,Oldham,England,United Kingdom
857,703,Irving,Berlin,101,natural causes,classical,Tyumen,Tyumen Oblast,Russia
858,185,Nelson,Eddy,65,brain related,classical,Providence,Rhode Island,United States
859,701,Pérez,Prado,72,heart disease,mambo,Matanzas,Matanzas Province,Cuba
